{
    "normals":[0.499205,0.0563749,-0.864648,0.499205,0.056375,0.864648,-0.99841,0.056375,0,0.99841,0.056375,0,-0.499205,0.056375,0.864648,-0.499205,0.0563749,-0.864648,-0.154098,-0.842158,0.516743,-0.328204,-0.785149,-0.525188,0.100958,-0.754175,-0.648866,0.372893,-0.825953,0.422792,-0.548672,-0.828814,0.109667,0.572084,-0.814328,-0.0979223,-0.719327,0.118304,-0.684523,-0.911529,-0.0603575,0.406782,-0.702146,0.355988,-0.616655,-0.0627351,0.0703168,-0.99555,0.785669,0.28023,0.55154,0.898291,0.116096,0.423786,-0.628565,0.241958,-0.739164,0.80849,0.579064,0.105015,-0.502595,0.61389,0.608718,-0.924912,0.372268,-0.0771701,0.271906,0.481119,-0.833422,0.607601,0.577189,0.545595,-0.497952,0.861498,0.0993248,0.48497,0.747604,-0.453753,-0.118365,0.990139,0.0749272,-0.416792,0.8244,-0.382948,0.13443,0.585646,-0.799342,-0.453326,0.879777,0.143136,-0.71947,0.292241,0.630046,0.614078,-0.225276,-0.756412,-0.93483,0.159737,-0.31714,0.283606,0.124228,0.95086,-0.0338544,0.0613488,0.997542,0.876447,0.325911,-0.354432,-0.834834,0.499828,-0.230703,0.511378,-0.212517,0.832664,0.605422,0.394621,-0.691187,-0.575973,-0.322987,0.750956,0.910389,0.240665,0.33656,-0.389101,0.46868,-0.793057,-0.293722,0.125837,-0.947572,0.967103,0.191221,-0.167771,-0.204542,0.00558289,0.978842,0.237735,0.429626,-0.871151,0.81657,-0.22885,0.529944,-0.982027,0.181074,0.0532436],
    "vertices":[-0.444578,0.0828978,5.36627,-0.878211,0.0828978,5.61662,-0.878211,0.0828978,6.11734,-0.444578,0.0828978,6.3677,-0.0109447,0.0828978,6.11734,-0.0109447,0.0828978,5.61662,-0.444578,5.34951,5.70965,-0.580832,5.34951,5.78831,-0.580832,5.34951,5.94565,-0.444578,5.34951,6.02432,-0.308323,5.34951,5.94565,-0.308323,5.34951,5.78831,-0.444578,1.42498,5.60957,-0.667502,1.42498,5.73828,-0.667502,1.42498,5.99569,-0.444578,1.42498,6.12439,-0.221654,1.42498,5.99569,-0.221654,1.42498,5.73828,-0.980837,2.36861,4.52338,-2.11321,2.29653,5.3494,-1.69765,2.29653,7.1711,-0.0951733,2.29653,7.58675,1.1376,2.29653,6.43156,0.812943,2.29653,4.79224,-1.44248,6.08758,7.06137,-0.456792,6.54073,7.47128,0.266629,6.38181,6.77688,0.535231,6.56369,5.6895,-0.381856,6.30359,5.29649,-1.301,5.99138,5.95263,-0.773184,7.38658,6.35701,-0.483933,7.52872,6.39941,-0.248991,7.5761,6.14454,-0.190251,7.18461,5.86759,-0.588395,7.40819,5.81043,-0.833061,7.38904,6.03549,-0.556359,7.54499,6.07006,0.564232,4.32551,5.59072,-0.605971,4.19396,4.98321,-0.475957,4.2852,7.818,0.130616,4.33162,6.88347,-1.81906,3.98393,5.74508,-1.89474,3.98086,7.22924,-0.0441193,3.41548,4.53829,-1.09034,4.64246,5.2955,-1.73548,4.9915,6.72971,-1.61924,3.42366,5.02512,0.221912,3.41548,7.16743,0.588574,4.98104,6.4782,-0.251006,5.04971,5.5021,0.78817,3.41548,5.7599,-2.26896,3.37353,6.05068,-1.61605,4.54586,7.57827,-0.152226,4.95344,7.58782,-1.23427,3.38828,7.48095],
    "colors":[],
    "uvs":[],
    "materials":[{
        "DbgName":"TREE",
        "colorDiffuse":[0.236911,0.0578175,0.0245708],
        "depthTest":true,
        "vertexColors":false,
        "opacity":1,
        "depthWrite":true,
        "transparent":false,
        "colorEmissive":[0,0,0],
        "visible":true,
        "wireframe":false,
        "colorSpecular":[0.5,0.5,0.5],
        "DbgIndex":0,
        "blending":1,
        "specularCoef":50,
        "shading":"phong",
        "doubleSided":false,
        "DbgColor":9718833
    },{
        "DbgName":"leaves",
        "colorDiffuse":[0.008453,0.102591,0.00102611],
        "depthTest":true,
        "vertexColors":false,
        "opacity":1,
        "depthWrite":true,
        "transparent":false,
        "colorEmissive":[0,0,0],
        "visible":true,
        "wireframe":false,
        "colorSpecular":[0.5,0.5,0.5],
        "DbgIndex":1,
        "blending":1,
        "specularCoef":50,
        "shading":"phong",
        "doubleSided":true,
        "DbgColor":1729540
    }],
    "faces":[35,0,6,11,5,0,0,0,0,0,35,4,10,9,3,0,1,1,1,1,35,2,8,7,1,0,2,2,2,2,35,5,11,10,4,0,3,3,3,3,35,3,9,8,2,0,4,4,4,4,35,6,0,1,7,0,5,5,5,5,35,15,21,20,14,1,6,6,6,6,35,13,19,18,12,1,7,7,7,7,35,12,18,23,17,1,8,8,8,8,35,16,22,21,15,1,9,9,9,9,35,14,20,19,13,1,10,10,10,10,35,17,23,22,16,1,11,11,11,11,35,19,51,46,18,1,12,12,12,12,35,20,54,51,19,1,13,13,13,13,35,45,44,38,41,1,14,14,14,14,35,18,46,43,23,1,15,15,15,15,35,22,50,47,21,1,16,16,16,16,35,48,27,26,53,1,17,17,17,17,35,29,35,34,28,1,18,18,18,18,35,27,33,32,26,1,19,19,19,19,35,25,31,30,24,1,20,20,20,20,35,24,30,35,29,1,21,21,21,21,35,28,34,33,27,1,22,22,22,22,35,26,32,31,25,1,23,23,23,23,34,30,36,35,1,24,24,24,34,34,36,33,1,25,25,25,34,32,36,31,1,26,26,26,34,35,36,34,1,27,27,27,34,33,36,32,1,28,28,28,34,31,36,30,1,29,29,29,35,52,25,24,45,1,30,30,30,30,35,49,28,27,48,1,31,31,31,31,35,45,24,29,44,1,32,32,32,32,35,53,26,25,52,1,33,33,33,33,35,21,47,54,20,1,34,34,34,34,35,23,43,50,22,1,35,35,35,35,35,42,41,46,51,1,36,36,36,36,35,40,39,54,47,1,37,37,37,37,35,38,37,50,43,1,38,38,38,38,35,39,42,51,54,1,39,39,39,39,35,37,40,47,50,1,40,40,40,40,35,41,38,43,46,1,41,41,41,41,35,44,29,28,49,1,42,42,42,42,35,49,48,40,37,1,43,43,43,43,35,53,52,42,39,1,44,44,44,44,35,44,49,37,38,1,45,45,45,45,35,48,53,39,40,1,46,46,46,46,35,52,45,41,42,1,47,47,47,47],
    "metadata":{
        "vertices":55,
        "uvs":0,
        "version":3,
        "materials":2,
        "normals":48,
        "colors":0,
        "generator":"io_three",
        "type":"Geometry",
        "faces":48
    }
}
