{
    "normals":[-0.970933,0.23935,-1.3012e-08,0,0.177173,-0.98418,0.970933,0.23935,-1.3012e-08,0,0.177173,0.98418,0,0,-1,1,0,0,0,-1,3.57259e-08,-1,0,0,1,-0,0,0,-0,1,0,1,0,-1,-0,0,0,0,1,0,-0,-1],
    "vertices":[-0.311037,0.0883341,0.834194,-0.132849,0.811162,0.70407,-0.311037,0.088334,-0.834194,-0.132849,0.811162,-0.70407,0.311037,0.0883341,0.834194,0.132849,0.811162,0.70407,0.311037,0.088334,-0.834194,0.132849,0.811162,-0.70407,-0.311037,0.00549316,0.834194,-0.311037,0.0054931,-0.834194,0.311037,0.00549316,0.834194,0.311037,0.0054931,-0.834194,-0.132849,0.873616,0.70407,-0.132849,0.873616,-0.70407,0.132849,0.873616,0.70407,0.132849,0.873616,-0.70407],
    "colors":[],
    "uvs":[],
    "materials":[{
        "DbgName":"Bumper",
        "colorDiffuse":[0.64,0.0132765,0],
        "depthTest":true,
        "vertexColors":false,
        "opacity":1,
        "depthWrite":true,
        "transparent":false,
        "colorEmissive":[0,0,0],
        "visible":true,
        "wireframe":false,
        "colorSpecular":[0.5,0.5,0.5],
        "DbgIndex":0,
        "blending":1,
        "specularCoef":50,
        "shading":"phong",
        "doubleSided":false,
        "DbgColor": 15147776
    }],
    "faces":[35,0,1,3,2,0,0,0,0,0,35,2,3,7,6,0,1,1,1,1,35,6,7,5,4,0,2,2,2,2,35,1,0,4,5,0,3,3,3,3,35,2,6,11,9,0,4,4,4,4,35,5,7,15,14,0,5,5,5,5,35,9,11,10,8,0,6,6,6,6,35,0,2,9,8,0,7,7,7,7,35,6,4,10,11,0,8,8,8,8,35,4,0,8,10,0,9,9,9,9,35,15,13,12,14,0,10,10,10,10,35,3,1,12,13,0,11,11,11,11,35,1,5,14,12,0,12,12,12,12,35,7,3,13,15,0,13,13,13,13],
    "metadata":{
        "vertices":16,
        "uvs":0,
        "version":3,
        "materials":1,
        "normals":14,
        "colors":0,
        "generator":"io_three",
        "type":"Geometry",
        "faces":14
    }
}
